Serie_Match_AssId;Datum;Klockslag;SerieId;SerieNamn;SerieKönId;ÅldersKatId;MatchId;MatchStatus;MatchUrl;HemmalagNamn;HemmalagLogoUrl;HemmalagAssId;BortalagNamn;BortalagLogoUrl;BortalagAssId;MatchResultat;ArenaNamn;ArenaKluster;ArenaKlusterAdress;SäkerMapping;LS_Lat;LS_Long;LS_admin;LS_sport
7;2026-07-05;10:15;133116;Träningsmatcher Ungdomar Göteborg Flick;3;3;6859843;4;/go-to/?fmid=6859843;Öjersjö IF F12/13;https://staticcdn.svenskfotboll.se/img/teamssm/7552.png;7;Jonsereds IF (F-12);https://staticcdn.svenskfotboll.se/img/teamssm/9595.png;7;2-1;Öjersjö IP 1 Konstgräs;Öjersjö IP;Tallmossevägen 9, 433 50 Öjersjö;Y;57.702889;12.149245;Göteborg;football
21;2026-07-05;11:00;135578;Herrar, Div 6 Herrljunga;2;4;6580729;4;/go-to/?fmid=6580729;Wårgårda City FF;https://staticcdn.svenskfotboll.se/img/teamssm/14784.png;21;Annelunds IF;https://staticcdn.svenskfotboll.se/img/teamssm/11630.png;21;4-3;Björkvallen konstgräs, Vårgårda;Björkvallen;Parkgatan 26, 447 31 Vårgårda;Y;58.035259;12.822093;Västergötland;football
21;2026-07-05;11:00;136754;Flickor Div 5 Tidaholm;3;3;6726047;4;/go-to/?fmid=6726047;Hörnebo SK;https://staticcdn.svenskfotboll.se/img/teamssm/11036.png;21;Mullsjö IF;https://staticcdn.svenskfotboll.se/img/teamssm/10612.png;15;3-2;Hörnebo IP B-plan;Hörnebo IP;Hörnebo idrottsplats, Fredriks gata, Hörnebo, Kronkvarn, Tibro, Tibro kommun, Västra Götalands län, 543 34, Sverige;Y;58.401504;14.152710;Västergötland;football
21;2026-07-05;11:00;136518;Pojkar Div 5 Skövde;2;3;6710139;4;/go-to/?fmid=6710139;IFK Skövde FK;https://staticcdn.svenskfotboll.se/img/teamssm/7848.png;21;Götene IF;https://staticcdn.svenskfotboll.se/img/teamssm/8707.png;21;0-2;Lillegårdens IP, A-plan;Lillegårdens IP;Billingehovsvägen 9, 549 49 Skövde;Y;58.413432;13.849265;Västergötland;football
21;2026-07-05;11:00;136738;Pojkar Div 8 Trollhättan;2;3;6724297;5;/go-to/?fmid=6724297;Vänersborgs FK Svart;https://staticcdn.svenskfotboll.se/img/teamssm/8626.png;21;Trollhättans BoIS Vit;https://staticcdn.svenskfotboll.se/img/teamssm/8643.png;21;0-0;Vänersvallen Syd;Vänersvallen;Gropbrovägen 4, 462 56 Vänersborg;Y;58.367442;12.323966;Västergötland;football
21;2026-07-05;12:00;136670;Pojkar Div 6 Töreboda;2;3;6722162;5;/go-to/?fmid=6722162;Våmbs IF Vit;https://staticcdn.svenskfotboll.se/img/teamssm/8628.png;21;Råda BK Gul;https://staticcdn.svenskfotboll.se/img/teamssm/10400.png;21;0-0;Södermalms IP B;Södermalms IP;Södermalms idrottsplats, Skaraborgsgatan, Södermalm, Skövde, Skövde kommun, Västra Götalands län, 541 52, Sverige;Y;58.378431;13.840427;Västergötland;football
21;2026-07-05;13:00;135582;Herrar, Div 6 Trollhättan;2;4;6581151;4;/go-to/?fmid=6581151;Hjärtums IS;https://staticcdn.svenskfotboll.se/img/teamssm/11131.png;21;Trollhättans IF;https://staticcdn.svenskfotboll.se/img/teamssm/10051.png;21;0-4;Billerödsvallen A-plan;Billerödsvallen;Billerödsvallen,Billerödsvägen, 463 75 Hjärtum;Y;58.182117;12.098494;Västergötland;football
28;2026-07-05;13:00;135695;BDFF P13-14 Blå Norra;2;3;6652820;5;/go-to/?fmid=6652820;IF Viken födda 2013;https://staticcdn.svenskfotboll.se/img/teamssm/9927.png;28;IFK Strömstad 9v9;https://staticcdn.svenskfotboll.se/img/teamssm/10963.png;28;0-0;Hanebols IP 9 mot 9;Hanbols IP;Västra Åsenvägen 10, 662 35 Åmål;Y;59.063589;12.676864;Bohuslän-Dalsland;football
8;2026-07-05;13:00;137973;DM Herrar Slutspel;2;4;6826461;4;/go-to/?fmid=6826461;Kungsbacka City FC;https://staticcdn.svenskfotboll.se/img/teamssm/8211.png;8;IF Centern;https://staticcdn.svenskfotboll.se/img/teamssm/9527.png;8;3-1;Tingbergsvallen A;Tingbergsvallen;Borgmästaregatan 12, 434 32 Kungsbacka;Y;57.491213;12.068723;Halland;football
8;2026-07-05;14:00;136282;Division 4 Dam Halland;3;4;6612694;4;/go-to/?fmid=6612694;IS Örnia;https://staticcdn.svenskfotboll.se/img/teamssm/9753.png;8;Tvååkers IF;https://staticcdn.svenskfotboll.se/img/teamssm/9483.png;8;8-0;Alevallen A;Alevallen;Alevallen, Järnvägsleden, Rotorp, Halmstad, Halmstads kommun, Hallands län, 302 39, Sverige;Y;56.667937;12.840292;Halland;football
8;2026-07-05;14:00;133915;Division 3 Dam Halland;3;4;6526612;4;/go-to/?fmid=6526612;Frillesås FF;https://staticcdn.svenskfotboll.se/img/teamssm/9524.png;8;Trönninge IF;https://staticcdn.svenskfotboll.se/img/teamssm/9484.png;8;1-0;Frillesås IP A;Frillesås IP;Rya industriväg 39, 439 62 Frillesås;Y;57.322466;12.184797;Halland;football
1;2026-07-05;14:00;133348;Allsvenskan 2026;2;4;6529909;4;/go-to/?fmid=6529909;IFK Göteborg;https://staticcdn.svenskfotboll.se/img/teamssm/11012.png;7;AIK;https://staticcdn.svenskfotboll.se/img/teamssm/6413.png;16;1-2;Gamla Ullevi;Gamla Ullevi;Ullevigatan 5, 411 39 Göteborg;Y;57.706411;11.980905;1;football
8;2026-07-05;14:00;133920;Division 5 Herr Södra Halland;2;4;6526889;4;/go-to/?fmid=6526889;Kornhult/Hishult FF;https://staticcdn.svenskfotboll.se/img/teamssm/7413.png;8;Trönninge IF;https://staticcdn.svenskfotboll.se/img/teamssm/9484.png;8;5-4;Kornhults IP A;Kornhults IP;KORNHULTSVÄGEN 28, 310 21 Hishult;Y;56.433069;13.390244;Halland;football
1;2026-07-05;14:30;133301;F17 div. 1 2026 - Götaland Västra;3;3;6595662;4;/go-to/?fmid=6595662;Onsala BK;https://staticcdn.svenskfotboll.se/img/teamssm/10495.png;8;IFK Värnamo;https://staticcdn.svenskfotboll.se/img/teamssm/9120.png;15;1-4;Rydets IP A konstgräs;Rydets IP;Gathes väg 108, 439 36 Onsala;Y;57.396260;11.997052;1;football
8;2026-07-05;15:00;137260;Nivå 3 Mellersta Norra Herrar;2;4;6733973;2;/go-to/?fmid=6733973;Trönninge BK;https://staticcdn.svenskfotboll.se/img/teamssm/9485.png;8;Skrea IF;https://staticcdn.svenskfotboll.se/img/teamssm/9493.png;8;0-0;Håstens IP A;Håstens IP;Hästens idrottsplats, Ölandsgatan, Nedregården, Varberg, Varbergs kommun, Hallands län, 432 36, Sverige;Y;57.117456;12.285361;Halland;football
21;2026-07-05;15:00;135579;Herrar, Div 6 Lidköping;2;4;6581289;4;/go-to/?fmid=6581289;Järpås IS;https://staticcdn.svenskfotboll.se/img/teamssm/10891.png;21;Rackeby IK;https://staticcdn.svenskfotboll.se/img/teamssm/8665.png;21;0-2;Järpåsvallen A-plan;Järpåsvallen;Järpåsvallen, Industrigatan, Backa, Godegården, Järpås distrikt, Järpås, Lidköpings kommun, Västra Götalands län, 531 75, Sverige;Y;58.384110;12.978269;Västergötland;football
21;2026-07-05;15:00;135575;Herrar, Div 5 Nordöstra;2;4;6568370;4;/go-to/?fmid=6568370;Torsö BIF;https://staticcdn.svenskfotboll.se/img/teamssm/8644.png;21;BK Trix/Mölltorp-Brevik;https://staticcdn.svenskfotboll.se/img/teamssm/7034.png;21;0-1;Strandvallen A-plan;Strandvallen;Fågelö Stranden 1, 542 91 Torsö;Y;58.800961;13.787441;Västergötland;football
8;2026-07-05;16:00;137260;Nivå 3 Mellersta Norra Herrar;2;4;6733976;2;/go-to/?fmid=6733976;Rinia IF;https://staticcdn.svenskfotboll.se/img/teamssm/7291.png;8;Grimetons IK;https://staticcdn.svenskfotboll.se/img/teamssm/11272.png;8;0-0;Falkenbergs IP A;Falkenbergs IP;Falkenbergs IP A, Skogsvägen, Kristineslätt, Skrea Strand, Falkenberg, Falkenbergs kommun, Hallands län, 311 45, Sverige;Y;56.897775;12.508271;Halland;football
21;2026-07-05;16:00;135579;Herrar, Div 6 Lidköping;2;4;6581290;4;/go-to/?fmid=6581290;Saleby IF;https://staticcdn.svenskfotboll.se/img/teamssm/8661.png;21;Norra Härene BK;https://staticcdn.svenskfotboll.se/img/teamssm/8673.png;21;2-2;Salebyvallen A-plan;Salebyvallen;Saleby 5, 531 93 Lidköping;Y;58.377570;13.134559;Västergötland;football
8;2026-07-05;16:00;137492;F14år vit;3;3;6778729;4;/go-to/?fmid=6778729;Särö Kullavik IF Blå;https://staticcdn.svenskfotboll.se/img/teamssm/9496.png;8;BK Astrio Gul;https://staticcdn.svenskfotboll.se/img/teamssm/9529.png;8;2-4;Särö IP B;Särö IP;Idrottsgången 2, 429 44 Särö;Y;57.519187;11.972312;Halland;football
1;2026-07-05;16:30;133348;Allsvenskan 2026;2;4;6529911;4;/go-to/?fmid=6529911;IF Elfsborg;https://staticcdn.svenskfotboll.se/img/teamssm/11429.png;21;Hammarby;https://staticcdn.svenskfotboll.se/img/teamssm/6412.png;16;1-2;Borås Arena;Borås Arena;Borås Arena, Ålgårdsvägen 16, 506 30 Borås;Y;57.734400;12.934766;1;football
8;2026-07-05;17:00;137225;Utvecklingsserie Dam;3;4;6733072;4;/go-to/?fmid=6733072;Laholms FK;https://staticcdn.svenskfotboll.se/img/teamssm/9504.png;8;Lilla Träslövs FF;https://staticcdn.svenskfotboll.se/img/teamssm/9502.png;8;4-0;Glänninge Park D3;Glänninge Park;Hellbakken 1, 312 36 Laholm;Y;56.501248;13.054870;Halland;football
8;2026-07-05;17:00;137225;Utvecklingsserie Dam;3;4;6733074;4;/go-to/?fmid=6733074;Lerkils IF;https://staticcdn.svenskfotboll.se/img/teamssm/10757.png;8;SRG Valder U;https://staticcdn.svenskfotboll.se/img/teamssm/10288.png;8;4-0;Ledets IP;Ledets IP;Källåsvägen 25, 434 93 Vallda;Y;57.457754;11.940111;Halland;football
8;2026-07-05;17:00;137259;Nivå 3 Norra Herrar;2;4;6734066;4;/go-to/?fmid=6734066;Onsala BK C;https://staticcdn.svenskfotboll.se/img/teamssm/10495.png;8;Veddige BK;https://staticcdn.svenskfotboll.se/img/teamssm/9481.png;8;3-3;Rydets IP A konstgräs;Rydets IP;Gathes väg 108, 439 36 Onsala;Y;57.396260;11.997052;Halland;football
21;2026-07-05;17:00;135590;Damer, Div 4 Östra;3;4;6580564;4;/go-to/?fmid=6580564;Stenstorps IF;https://staticcdn.svenskfotboll.se/img/teamssm/10238.png;21;Götene FK U;https://staticcdn.svenskfotboll.se/img/teamssm/13173.png;21;0-3;Sportvallen A;Sportvallen;Hantverkaregatan, 521 60 Stenstorp;Y;58.269760;13.726880;Västergötland;football
21;2026-07-05;17:00;136508;Pojkar Div 2 Norra;2;3;6711231;4;/go-to/?fmid=6711231;Trollhättans FK;https://staticcdn.svenskfotboll.se/img/teamssm/8642.png;21;Trollhättan BOIS;https://staticcdn.svenskfotboll.se/img/teamssm/8643.png;21;2-2;Stavrelunds IP A-plan;Stavrelunds IP;Stavrelunds idrottsplats, Ljungvägen, Håjums Industriområde, Sandhem, Trollhättan, Trollhättans kommun, Västra Götalands län, 461 42, Sverige;Y;58.285970;12.330196;Västergötland;football
8;2026-07-05;17:00;137259;Nivå 3 Norra Herrar;2;4;6734065;4;/go-to/?fmid=6734065;Valinge IF;https://staticcdn.svenskfotboll.se/img/teamssm/9975.png;8;IFK Fjärås C;https://staticcdn.svenskfotboll.se/img/teamssm/9511.png;8;2-5;Valinge IP;Valinge IP;Valinge, Varbergs kommun, Hallands län, 432 92, Sverige;Y;57.171081;12.381483;Halland;football
21;2026-07-05;17:00;135587;Damer, Div 3 Norra;3;4;6570179;4;/go-to/?fmid=6570179;Ulvåkers IF;https://staticcdn.svenskfotboll.se/img/teamssm/10002.png;21;Råda BK U;https://staticcdn.svenskfotboll.se/img/teamssm/10400.png;21;1-2;Åbrovallen A;Åbrovallen;Åbrovallen, 549 94 Skövde;Y;58.470763;13.909592;Västergötland;football
8;2026-07-05;17:00;137259;Nivå 3 Norra Herrar;2;4;6734067;4;/go-to/?fmid=6734067;Åsa IF C;https://staticcdn.svenskfotboll.se/img/teamssm/9807.png;8;Kung Karl Bollklubb;https://staticcdn.svenskfotboll.se/img/teamssm/6593.png;8;9-0;Åsa IP A;Åsa IP;Hultavägen 8, 439 55 Åsa;Y;57.347269;12.131045;Halland;football
21;2026-07-05;17:30;136756;Flickor Div 5 Ulricehamn;3;3;6727050;5;/go-to/?fmid=6727050;Ulricehamns IFK;https://staticcdn.svenskfotboll.se/img/teamssm/7738.png;21;Fritsla IF;https://staticcdn.svenskfotboll.se/img/teamssm/8715.png;21;0-0;Lassalyckan B-plan;Lassalyckan;Lassalyckan, Ulricehamns distrikt, Ulricehamn, Ulricehamns kommun, Västra Götalands län, 523 33, Sverige;Y;57.785778;13.436509;Västergötland;football
21;2026-07-05;18:00;135577;Herrar, Div 5 Sydöstra;2;4;6569906;4;/go-to/?fmid=6569906;Dardania IF;https://staticcdn.svenskfotboll.se/img/teamssm/12285.png;21;Tomtens IF;https://staticcdn.svenskfotboll.se/img/teamssm/8646.png;21;2-3;Kransmossens IP A;Kransmossens IP;Kransmossens idrottsplats, Kransvägen, Brotorp, Borås, Borås kommun, Västra Götalands län, 507 65, Sverige;Y;57.707261;12.979446;Västergötland;football
21;2026-07-05;19:00;136507;Pojkar Div 1 19+ Västergötland;2;3;6707928;4;/go-to/?fmid=6707928;Gerdskens BK;https://staticcdn.svenskfotboll.se/img/teamssm/8712.png;21;Brämhults IK;https://staticcdn.svenskfotboll.se/img/teamssm/8727.png;21;3-0;Gerdskenvallen A-plan;Gerdskenvallen;Gerdskenvallen, Örnvägen 9, 441 40 Alingsås;Y;57.921454;12.538694;Västergötland;football
21;2026-07-06;19:00;135580;Herrar, Div 6 Mark;2;4;6581647;4;/go-to/?fmid=6581647;Byttorps IF;https://staticcdn.svenskfotboll.se/img/teamssm/11498.png;21;Björketorps IF;https://staticcdn.svenskfotboll.se/img/teamssm/8731.png;21;4-0;Byttorps IP A Konstgräs;Byttorps IP;Byttorps idrottsplats, Klingarevägen, Byttorp, Borås, Borås kommun, Västra Götalands län, 504 65, Sverige;Y;57.724228;12.900785;Västergötland;football
8;2026-07-06;19:00;133922;Division 6 Herr Södra Halland;2;4;6563737;4;/go-to/?fmid=6563737;Skottorps IF;https://staticcdn.svenskfotboll.se/img/teamssm/10302.png;8;Ysby BK;https://staticcdn.svenskfotboll.se/img/teamssm/9475.png;8;9-2;Gröningen A;Gröningen;Gröningens väg 1, 312 77 Skottorp;Y;56.449440;12.954590;Halland;football
21;2026-07-06;19:00;135592;Damer, Div 5 Västra;3;4;6582774;4;/go-to/?fmid=6582774;Emtunga/Tråvad/Larv (9:9);https://staticcdn.svenskfotboll.se/img/teamssm/8698.png;21;Vara SK U (9:9);https://staticcdn.svenskfotboll.se/img/teamssm/9966.png;21;0-10;Mossbrotts IP A-plan;Mossbrotts IP;Mossbrotts Idrottsplats, ÖNUM, 534 91 Vara;Y;58.244888;13.019252;Västergötland;football
1;2026-07-06;19:00;133348;Allsvenskan 2026;2;4;6529910;4;/go-to/?fmid=6529910;BK Häcken;https://staticcdn.svenskfotboll.se/img/teamssm/11080.png;7;Djurgården;https://staticcdn.svenskfotboll.se/img/teamssm/12128.png;16;2-4;Nordic Wellness Arena;Nordic Wellness Arena;Inlandsgatan 48, 417 15 Göteborg;Y;57.719843;11.932408;1;football
21;2026-07-06;19:00;136515;Pojkar Div 5 Borås;2;3;6709630;4;/go-to/?fmid=6709630;Sandared/Sjömarken Grön;https://staticcdn.svenskfotboll.se/img/teamssm/10368.png;21;Ulricehamns IFK Svart;https://staticcdn.svenskfotboll.se/img/teamssm/7738.png;21;3-7;Sandevi B konstgräs;Sandevi;Sandevi, Alingsåsvägen, Torp, Sandared, Borås kommun, Västra Götalands län, 518 33, Sverige;Y;57.719494;12.788878;Västergötland;football
21;2026-07-06;19:00;135575;Herrar, Div 5 Nordöstra;2;4;6568330;4;/go-to/?fmid=6568330;Töreboda IK;https://staticcdn.svenskfotboll.se/img/teamssm/10013.png;21;IF Tymer;https://staticcdn.svenskfotboll.se/img/teamssm/10025.png;21;1-0;Töreshov A-plan;Töreshov;Idrottsvägen 29, 545 34 Töreboda;Y;58.707707;14.150274;Västergötland;football
7;2026-07-07;18:00;133117;Träningsmatcher Ungdomar Göteborg Pojk;2;3;6862858;4;/go-to/?fmid=6862858;Sandarna BK Pojkar (2013 );https://staticcdn.svenskfotboll.se/img/teamssm/10367.png;7;Backatorp IF (P-13);https://staticcdn.svenskfotboll.se/img/teamssm/11915.png;7;3-2;Gröna Vallen 1;Gröna Vallen;Gröna Vallen, Svanebäcksgatan 16, 414 71 Göteborg;Y;57.687961;11.917564;Göteborg;football
7;2026-07-07;18:00;133117;Träningsmatcher Ungdomar Göteborg Pojk;2;3;6899815;4;/go-to/?fmid=6899815;Surte IS FK P2011;https://staticcdn.svenskfotboll.se/img/teamssm/12036.png;7;Backatorp IF -P-11;https://staticcdn.svenskfotboll.se/img/teamssm/11915.png;7;11-0;Surte 1 Gräs;Surte IP;Idrottsvägen 4, 445 55 Surte;Y;57.836279;12.017412;Göteborg;football
21;2026-07-07;18:30;136518;Pojkar Div 5 Skövde;2;3;6710137;4;/go-to/?fmid=6710137;IFK Hjo;https://staticcdn.svenskfotboll.se/img/teamssm/11007.png;21;Stenstorps IF;https://staticcdn.svenskfotboll.se/img/teamssm/10238.png;21;6-1;Guldkroksvallen A-plan;Guldkroksvallen;Idrottsgatan 5B, 544 34 Hjo;Y;58.296137;14.278686;Västergötland;football
8;2026-07-07;19:00;137260;Nivå 3 Mellersta Norra Herrar;2;4;6733970;4;/go-to/?fmid=6733970;Arvidstorps IK U;https://staticcdn.svenskfotboll.se/img/teamssm/9530.png;8;Vessigebro BK;https://staticcdn.svenskfotboll.se/img/teamssm/9940.png;8;6-0;AIK-vallen A;AIK-vallen;AIK-vallen, Solhagavägen, Arvidstorp, Falkenberg, Falkenbergs kommun, Hallands län, 311 39, Sverige;Y;56.914829;12.479541;Halland;football
21;2026-07-07;19:00;135571;Herrar, Div 4 Södra;2;4;6567281;4;/go-to/?fmid=6567281;FC Kabel Åttio;https://staticcdn.svenskfotboll.se/img/teamssm/8720.png;21;Fristads GoIF;https://staticcdn.svenskfotboll.se/img/teamssm/11342.png;21;2-1;Borås Arena;Borås Arena;Borås Arena, Ålgårdsvägen 16, 506 30 Borås;Y;57.734400;12.934766;Västergötland;football
7;2026-07-07;19:00;133117;Träningsmatcher Ungdomar Göteborg Pojk;2;3;6856189;4;/go-to/?fmid=6856189;GAIS (P2010);https://staticcdn.svenskfotboll.se/img/teamssm/9614.png;7;IFK Fjärås P10;https://staticcdn.svenskfotboll.se/img/teamssm/9511.png;8;4-0;Gaisgården 1 Gräs;Gaisgården;Gamla Boråsvägen 75, 412 76 Göteborg;Y;57.680427;12.029061;Göteborg;football
7;2026-07-07;19:00;133116;Träningsmatcher Ungdomar Göteborg Flick;3;3;6856222;4;/go-to/?fmid=6856222;Jonsereds IF (F-12);https://staticcdn.svenskfotboll.se/img/teamssm/9595.png;7;Lerums IS (F2012);https://staticcdn.svenskfotboll.se/img/teamssm/10756.png;7;1-1;Jonsereds IP 1 Konstgräs;Jonsereds IP;Jons väg 23, 433 75 Jonsered;Y;57.746215;12.169063;Göteborg;football
8;2026-07-07;19:00;136282;Division 4 Dam Halland;3;4;6612781;4;/go-to/?fmid=6612781;Slöinge GOIF;https://staticcdn.svenskfotboll.se/img/teamssm/9491.png;8;Hyltebruks IF;https://staticcdn.svenskfotboll.se/img/teamssm/11090.png;8;6-0;Slöinge IP A;Slöinge IP;Slöinge idrottsplats, Idrottsvägen, Slöinge, Falkenbergs kommun, Hallands län, 311 68, Sverige;Y;56.855624;12.703541;Halland;football
28;2026-07-07;19:30;133346;Träningsmatch Pojk utan AD 2026;2;3;6896565;4;/go-to/?fmid=6896565;Stala IF P18;https://staticcdn.svenskfotboll.se/img/teamssm/10252.png;28;Stenungsunds IF P17;https://staticcdn.svenskfotboll.se/img/teamssm/10236.png;28;0-4;Lövängen;Lövängen;Rönnbärsvägen 2, 472 95 Varekil;Y;58.120973;11.708544;Bohuslän-Dalsland;football
7;2026-07-08;15:00;133116;Träningsmatcher Ungdomar Göteborg Flick;3;3;6823814;5;/go-to/?fmid=6823814;BK Häcken (F2011);https://staticcdn.svenskfotboll.se/img/teamssm/11080.png;7;Skene IF Damjunior;https://staticcdn.svenskfotboll.se/img/teamssm/8655.png;21;0-0;Slättadamm 1 Gräs;Slättadamm;Slättadammsgatan 6, 417 25 Göteborg;Y;57.730565;11.927705;Göteborg;football
7;2026-07-08;15:30;133117;Träningsmatcher Ungdomar Göteborg Pojk;2;3;6894110;5;/go-to/?fmid=6894110;Lindome GIF P12;https://staticcdn.svenskfotboll.se/img/teamssm/10741.png;7;Askims IK (P2012);https://staticcdn.svenskfotboll.se/img/teamssm/11617.png;7;0-0;Kobbegården 1 Konstgräs;Kobbegården;Stora Åvägen 1, 436 34 Askim;Y;57.639723;11.944383;Göteborg;football
7;2026-07-08;18:30;133117;Träningsmatcher Ungdomar Göteborg Pojk;2;3;6866247;5;/go-to/?fmid=6866247;SG Ruddalen IF (U17);https://staticcdn.svenskfotboll.se/img/teamssm/11284.png;7;Kungsbacka IF Utv (P16-P18);https://staticcdn.svenskfotboll.se/img/teamssm/9505.png;8;0-0;Sikvallen 1 Gräs;Sikvallen;Olof Asklunds g 20, 421 30 Västra Frölunda;Y;57.661764;11.939991;Göteborg;football
21;2026-07-08;19:00;135573;Herrar, Div 4 Östra;2;4;6567810;5;/go-to/?fmid=6567810;Axvalls IF;https://staticcdn.svenskfotboll.se/img/teamssm/8732.png;21;Skultorps IF;https://staticcdn.svenskfotboll.se/img/teamssm/10298.png;21;0-0;Axevalla IP, A-plan;Axevalla IP;Axevallavägen, Varnhems distrikt, Varnhem, Skara kommun, Västra Götalands län, 532 73, Sverige;Y;58.386770;13.636696;Västergötland;football
7;2026-07-08;19:00;133117;Träningsmatcher Ungdomar Göteborg Pojk;2;3;6856276;5;/go-to/?fmid=6856276;Partille IF FK P2013;https://staticcdn.svenskfotboll.se/img/teamssm/12478.png;7;Masthuggets BK (P2013);https://staticcdn.svenskfotboll.se/img/teamssm/10643.png;7;0-0;Lexby 2 Konstgräs;Lexby;Lexbyvägen 4, 433 31 Partille;Y;57.745219;12.123472;Göteborg;football
21;2026-07-08;19:00;133542;Träningsmatcher Pojkar, Västergötland;2;3;6864571;5;/go-to/?fmid=6864571;IFK Falköping FF Pdiv4;https://staticcdn.svenskfotboll.se/img/teamssm/7190.png;21;IFK Skövde Pdiv4;https://staticcdn.svenskfotboll.se/img/teamssm/7848.png;21;0-0;Odenvi Konstgräs;Odenvi;Hjelmarsrörsgatan 2, 521 45 Falköping;Y;58.165443;13.571023;Västergötland;football
8;2026-07-08;19:00;136282;Division 4 Dam Halland;3;4;6612756;5;/go-to/?fmid=6612756;Torup/Rydö FF;https://staticcdn.svenskfotboll.se/img/teamssm/7097.png;8;Getinge IF;https://staticcdn.svenskfotboll.se/img/teamssm/11297.png;8;0-0;Torulund A;Torulund;Jesperslundsvägen 1, 314 41 Torup;Y;56.963831;13.077385;Halland;football
21;2026-07-08;19:30;136507;Pojkar Div 1 19+ Västergötland;2;3;6707914;5;/go-to/?fmid=6707914;Halvorstorps IS;https://staticcdn.svenskfotboll.se/img/teamssm/8705.png;21;Brämhults IK;https://staticcdn.svenskfotboll.se/img/teamssm/8727.png;21;0-0;Halvorstorps IP A;Halvorstorps IP;Halvorstorps idrottsplats, Hedeängsvägen, Kardanvägens Industriområde, Halvorstorp, Trollhättan, Trollhättans kommun, Västra Götalands län, 461 44, Sverige;Y;58.294961;12.340307;Västergötland;football
8;2026-07-08;19:30;136282;Division 4 Dam Halland;3;4;6612780;5;/go-to/?fmid=6612780;Kornhult/Hishult FF;https://staticcdn.svenskfotboll.se/img/teamssm/7413.png;8;Tölö IF;https://staticcdn.svenskfotboll.se/img/teamssm/10015.png;8;0-0;Hishults IP A;Hishults IP;Västergårdsvägen 6, 312 53 Hishult;Y;56.426584;13.299915;Halland;football
7;2026-07-08;20:00;133117;Träningsmatcher Ungdomar Göteborg Pojk;2;3;6901601;5;/go-to/?fmid=6901601;Lekstorps IF P09;https://staticcdn.svenskfotboll.se/img/teamssm/10760.png;7;Tölö IF U17;https://staticcdn.svenskfotboll.se/img/teamssm/10015.png;8;0-0;LP - Idrottspark C - plan;LP - Idrottspark;LP Idrottspark, Sportvägen 7, 443 40 Gråbo;N;57.841028;12.289142;Göteborg;football
7;2026-07-09;19:00;133117;Träningsmatcher Ungdomar Göteborg Pojk;2;3;6903299;5;/go-to/?fmid=6903299;Donsö IS Skärgårdens IK P-12;https://staticcdn.svenskfotboll.se/img/teamssm/9631.png;7;Mölnlycke IS Ungdom P2012;https://staticcdn.svenskfotboll.se/img/teamssm/13695.png;7;0-0;Donsövallen;Donsövallen;Donsövallen, Lurkenvägen 2, 430 82 Donsö;Y;57.605163;11.805907;Göteborg;football
8;2026-07-09;19:00;133419;Träningsmatcher Halland ungdomar Pojkar utan AD;2;3;6834703;5;/go-to/?fmid=6834703;Lilla Träslövs FF (P09);https://staticcdn.svenskfotboll.se/img/teamssm/9502.png;8;Kinna IF (P2009);https://staticcdn.svenskfotboll.se/img/teamssm/10844.png;21;0-0;Håstens IP konstgräs;Håstens IP;Hästens idrottsplats, Ölandsgatan, Nedregården, Varberg, Varbergs kommun, Hallands län, 432 36, Sverige;Y;57.117456;12.285361;Halland;football
7;2026-07-09;19:00;133117;Träningsmatcher Ungdomar Göteborg Pojk;2;3;6864810;5;/go-to/?fmid=6864810;Masthuggets BK 2, P12;https://staticcdn.svenskfotboll.se/img/teamssm/10643.png;7;Eriksbergs IF P2012;https://staticcdn.svenskfotboll.se/img/teamssm/9629.png;7;0-0;Majvallen 1 Konstgräs;Majvallen;Ekedalsgatan 20, 414 68 Göteborg;Y;57.689370;11.936171;Göteborg;football
21;2026-07-09;19:00;133542;Träningsmatcher Pojkar, Västergötland;2;3;6903197;5;/go-to/?fmid=6903197;IFK Tidaholm Pdiv5;https://staticcdn.svenskfotboll.se/img/teamssm/10959.png;21;Skövde AIK Pdiv5;https://staticcdn.svenskfotboll.se/img/teamssm/10281.png;21;0-0;Tidavallen A-plan;Tidavallen;Tidavallen, Malmhultsvägen, Siggestorp, Tidaholm, Tidaholms kommun, Västra Götalands län, 522 37, Sverige;Y;58.171031;13.957982;Västergötland;football
21;2026-07-09;19:00;135575;Herrar, Div 5 Nordöstra;2;4;6568298;5;/go-to/?fmid=6568298;IF Tymer;https://staticcdn.svenskfotboll.se/img/teamssm/10025.png;21;Töreboda IK;https://staticcdn.svenskfotboll.se/img/teamssm/10013.png;21;0-0;Timmersdala A;Timmersdala;Timmersdala, Skövde kommun, Västra Götalands län, 540 17, Sverige;Y;58.527719;13.759359;Västergötland;football
7;2026-07-09;20:00;133113;Träningsmatcher Juniorer Göteborg Pojk;2;3;6859844;5;/go-to/?fmid=6859844;Kungsladugårds BK U19 (P08);https://staticcdn.svenskfotboll.se/img/teamssm/10799.png;7;Lerums IS (HJ);https://staticcdn.svenskfotboll.se/img/teamssm/10756.png;7;0-0;Apelsinplan 2 Konstgräs;Apelsinplan;Apelsingatan 6, 426 54 Västra Frölunda;Y;57.655054;11.882940;Göteborg;football
7;2026-07-09;20:15;133113;Träningsmatcher Juniorer Göteborg Pojk;2;3;6892228;5;/go-to/?fmid=6892228;Västra Frölunda IF (HJ);https://staticcdn.svenskfotboll.se/img/teamssm/9853.png;7;Näsets SK (HJ);https://staticcdn.svenskfotboll.se/img/teamssm/10510.png;7;0-0;Välen 1 Konstgräs;Välen;Klubbvägen 20, 421 47 Västra Frölunda;Y;57.642584;11.919773;Göteborg;football
7;2026-07-10;14:00;133113;Träningsmatcher Juniorer Göteborg Pojk;2;3;6862854;5;/go-to/?fmid=6862854;Örgryte IS Fotboll P17;https://staticcdn.svenskfotboll.se/img/teamssm/12910.png;7;IF Elfsborg U17;https://staticcdn.svenskfotboll.se/img/teamssm/11429.png;21;0-0;Hammarviken Arena;ÖIS-gården;Korndalsvägen 3, 412 76 Göteborg;Y;57.675233;12.028495;Göteborg;football
7;2026-07-10;18:00;133743;Flickor 2010-2011 Medel Grupp A;3;3;6584892;5;/go-to/?fmid=6584892;Älvsborg FF;https://staticcdn.svenskfotboll.se/img/teamssm/9622.png;7;Utbynäs SK Gul;https://staticcdn.svenskfotboll.se/img/teamssm/9983.png;7;0-0;Hagenplan;Hagenplan;Hagens Prästväg 4, 426 74 Västra Frölunda;Y;57.674967;11.882285;Göteborg;football
7;2026-07-10;18:15;133116;Träningsmatcher Ungdomar Göteborg Flick;3;3;6856207;5;/go-to/?fmid=6856207;Azalea BK (F2011);https://staticcdn.svenskfotboll.se/img/teamssm/7817.png;7;Lindome GIF (F2011);https://staticcdn.svenskfotboll.se/img/teamssm/10741.png;7;0-0;Majvallen 1 Konstgräs;Majvallen;Ekedalsgatan 20, 414 68 Göteborg;Y;57.689370;11.936171;Göteborg;football
7;2026-07-10;18:15;133116;Träningsmatcher Ungdomar Göteborg Flick;3;3;6797816;3;/go-to/?fmid=6797816;Älvsborg FF (F2011);https://staticcdn.svenskfotboll.se/img/teamssm/9622.png;7;Utbynäs SK (F2011);https://staticcdn.svenskfotboll.se/img/teamssm/9983.png;7;0-0;Påvelund 1 Konstgräs;Påvelund;Redegatan 18, 426 77 Västra Frölunda;Y;57.668781;11.881476;Göteborg;football
28;2026-07-10;18:30;133252;Träningsmatch Herr med AD 2026;2;4;6856188;5;/go-to/?fmid=6856188;Fjällbacka IK Div.7;https://staticcdn.svenskfotboll.se/img/teamssm/11373.png;28;GAIS P16;https://staticcdn.svenskfotboll.se/img/teamssm/9614.png;7;0-0;Fjällbacka IP Fjällbacka;Fjällbacka IP Fjällbacka;Fjällbacka idrottsplats, Kullenvägen, Fjällbacka, Tanums kommun, Västra Götalands län, 450 71, Sverige;Y;58.588392;11.291398;Bohuslän-Dalsland;football
7;2026-07-10;18:30;133117;Träningsmatcher Ungdomar Göteborg Pojk;2;3;6903304;5;/go-to/?fmid=6903304;Floda BoIF P2010 Vit;https://staticcdn.svenskfotboll.se/img/teamssm/11366.png;7;Öjersjö IF P10;https://staticcdn.svenskfotboll.se/img/teamssm/7552.png;7;0-0;Flodala IP 3 KG;Flodala IP;Skallsjö Prästväg 14, 448 31 Floda;Y;57.795503;12.346356;Göteborg;football
7;2026-07-10;18:30;133117;Träningsmatcher Ungdomar Göteborg Pojk;2;3;6894943;3;/go-to/?fmid=6894943;Lerums IS (P2012);https://staticcdn.svenskfotboll.se/img/teamssm/10756.png;7;Stenkullen GoIK (P2012);https://staticcdn.svenskfotboll.se/img/teamssm/10243.png;7;0-0;Rydsbergsplan 1 Konstgräs;Rydsbergsplan;Ekollonvägen 10, 443 50 Lerum;Y;57.758267;12.257120;Göteborg;football
7;2026-07-10;20:00;133112;Träningsmatcher Juniorer Göteborg Flick;3;3;6862853;5;/go-to/?fmid=6862853;Älvsborg FF (U17);https://staticcdn.svenskfotboll.se/img/teamssm/9622.png;7;Lindome GIF Damjunior;https://staticcdn.svenskfotboll.se/img/teamssm/10741.png;7;0-0;Apelsinplan 1 Gräs;Apelsinplan;Apelsingatan 6, 426 54 Västra Frölunda;Y;57.655054;11.882940;Göteborg;football
7;2026-07-11;10:00;133116;Träningsmatcher Ungdomar Göteborg Flick;3;3;6890631;5;/go-to/?fmid=6890631;BK Häcken F2013 lag SVART;https://staticcdn.svenskfotboll.se/img/teamssm/11080.png;7;Jitex BK F2013;https://staticcdn.svenskfotboll.se/img/teamssm/7516.png;7;0-0;Slättadamm 2 konstgräs;Slättadamm;Slättadammsgatan 6, 417 25 Göteborg;Y;57.730565;11.927705;Göteborg;football
7;2026-07-11;10:30;133117;Träningsmatcher Ungdomar Göteborg Pojk;2;3;6825746;5;/go-to/?fmid=6825746;Kungsladugårds BK 2012;https://staticcdn.svenskfotboll.se/img/teamssm/10799.png;7;Skepplanda BTK (P2012);https://staticcdn.svenskfotboll.se/img/teamssm/10314.png;21;0-0;Apelsinplan 2 Konstgräs;Apelsinplan;Apelsingatan 6, 426 54 Västra Frölunda;Y;57.655054;11.882940;Göteborg;football
7;2026-07-11;11:00;133116;Träningsmatcher Ungdomar Göteborg Flick;3;3;6890628;5;/go-to/?fmid=6890628;BK Häcken F2013 lag GUL;https://staticcdn.svenskfotboll.se/img/teamssm/11080.png;7;Jitex BK F2013;https://staticcdn.svenskfotboll.se/img/teamssm/7516.png;7;0-0;Slättadamm 2 konstgräs;Slättadamm;Slättadammsgatan 6, 417 25 Göteborg;Y;57.730565;11.927705;Göteborg;football
8;2026-07-11;11:00;136533;P10år Blå Norr;2;2;6738511;5;/go-to/?fmid=6738511;Åsa IF Svart;https://staticcdn.svenskfotboll.se/img/teamssm/9807.png;8;Kungsbacka IF 4;https://staticcdn.svenskfotboll.se/img/teamssm/9505.png;8;-1--1;Åsa C Norra;Åsa Centrum;Bollvägen 107-113, 439 54 Åsa;Y;57.353889;12.115352;Halland;football
7;2026-07-11;11:00;133575;Pojkar 2011(15 år) Medel Grupp A;2;3;6607675;5;/go-to/?fmid=6607675;Öjersjö IF Blå;https://staticcdn.svenskfotboll.se/img/teamssm/7552.png;7;Onsala BK;https://staticcdn.svenskfotboll.se/img/teamssm/10495.png;8;0-0;Öjersjö IP 1 Konstgräs;Öjersjö IP;Tallmossevägen 9, 433 50 Öjersjö;Y;57.702889;12.149245;Göteborg;football
7;2026-07-11;12:00;133116;Träningsmatcher Ungdomar Göteborg Flick;3;3;6822608;5;/go-to/?fmid=6822608;Älvsborg FF (F2012);https://staticcdn.svenskfotboll.se/img/teamssm/9622.png;7;Särö Kullavik IF F2012;https://staticcdn.svenskfotboll.se/img/teamssm/9496.png;8;0-0;Påvelund 1 Konstgräs;Påvelund;Redegatan 18, 426 77 Västra Frölunda;Y;57.668781;11.881476;Göteborg;football
7;2026-07-11;12:00;133117;Träningsmatcher Ungdomar Göteborg Pojk;2;3;6896538;5;/go-to/?fmid=6896538;Lerums IS (P2012);https://staticcdn.svenskfotboll.se/img/teamssm/10756.png;7;Götaholms BK (P2012);https://staticcdn.svenskfotboll.se/img/teamssm/9615.png;7;0-0;Rydsbergsplan 1 Konstgräs;Rydsbergsplan;Ekollonvägen 10, 443 50 Lerum;Y;57.758267;12.257120;Göteborg;football
7;2026-07-11;12:30;133116;Träningsmatcher Ungdomar Göteborg Flick;3;3;6860527;5;/go-to/?fmid=6860527;Utbynäs SK (F 09/10);https://staticcdn.svenskfotboll.se/img/teamssm/9983.png;7;Älvsborg FF (F2009);https://staticcdn.svenskfotboll.se/img/teamssm/9622.png;7;0-0;Lemmingvallen 1 Gräs;Lemmingvallen;Lemmingsgatan 5, 415 07 Göteborg;Y;57.734850;12.052148;Göteborg;football
7;2026-07-11;13:00;133117;Träningsmatcher Ungdomar Göteborg Pojk;2;3;6862857;5;/go-to/?fmid=6862857;IFK Hindås P-12;https://staticcdn.svenskfotboll.se/img/teamssm/11008.png;7;Lunden Överås BK (P2012);https://staticcdn.svenskfotboll.se/img/teamssm/10705.png;7;0-0;Fagervallen 2 Konstgräs;Fagervallen;Sportvägen 9, 438 98 Hindås;Y;57.695964;12.435282;Göteborg;football
8;2026-07-11;13:00;136282;Division 4 Dam Halland;3;4;6612662;5;/go-to/?fmid=6612662;Tölö IF;https://staticcdn.svenskfotboll.se/img/teamssm/10015.png;8;Torup/Rydö FF;https://staticcdn.svenskfotboll.se/img/teamssm/7097.png;8;0-0;Hamravallen A;Hamravallen;Föreningsvägen 23, 434 95 Kungsbacka;Y;57.505134;12.050294;Halland;football
7;2026-07-11;13:00;133116;Träningsmatcher Ungdomar Göteborg Flick;3;3;6891427;5;/go-to/?fmid=6891427;Hovås Billdal IF (F2011);https://staticcdn.svenskfotboll.se/img/teamssm/11109.png;7;IK Zenith (F2011);https://staticcdn.svenskfotboll.se/img/teamssm/9829.png;7;0-0;Hovåsvallen 1 Gräs;Hovåsvallen;Bockhamnsvägen 14, 436 50 Hovås;Y;57.617535;11.926486;Göteborg;football
1;2026-07-11;13:00;131350;Träningsmatcher Elit, herr 2026;2;4;6568396;5;/go-to/?fmid=6568396;Varbergs BoIS FC;https://staticcdn.svenskfotboll.se/img/teamssm/7701.png;8;Norrby IF;https://staticcdn.svenskfotboll.se/img/teamssm/10554.png;21;0-0;Påskbergsvallen;Påskbergsvallen;Påskbergsvallen, Kattegattsvägen, Mariedal, Sörse, Varberg, Varbergs kommun, Hallands län, 432 43, Sverige;Y;57.097747;12.265223;1;football
1;2026-07-11;15:00;131350;Träningsmatcher Elit, herr 2026;2;4;6585972;5;/go-to/?fmid=6585972;Falkenbergs FF;https://staticcdn.svenskfotboll.se/img/teamssm/9525.png;8;Landskrona BoIS;https://staticcdn.svenskfotboll.se/img/teamssm/9287.png;14;0-0;Falcon Alkoholfri Arena;Falcon Alkoholfri Arena;Falcon alkoholfri Arena, 1, Kristineslättsallén, Kristineslätt, Skrea Strand, Falkenberg, Falkenbergs kommun, Hallands län, 311 46, Sverige;Y;56.893512;12.511116;1;football
8;2026-07-11;16:00;136282;Division 4 Dam Halland;3;4;6612750;5;/go-to/?fmid=6612750;LGM;https://staticcdn.svenskfotboll.se/img/teamssm/9500.png;8;IS Örnia;https://staticcdn.svenskfotboll.se/img/teamssm/9753.png;8;0-0;Glommens IP 1;Glommens IP;Glommens IP, 311 98 Glommen;Y;56.946704;12.473148;Halland;football
7;2026-07-11;16:00;133117;Träningsmatcher Ungdomar Göteborg Pojk;2;3;6901465;5;/go-to/?fmid=6901465;Kärra KIF (P-12);https://staticcdn.svenskfotboll.se/img/teamssm/10780.png;7;Sävedalens IF Röd (P12);https://staticcdn.svenskfotboll.se/img/teamssm/9545.png;7;0-0;Klarebergsvallen 2 Konstgräs;Klarebergsvallen;Burmans Gata 3, 425 33 Hisings Kärra;Y;57.798761;11.987168;Göteborg;football
7;2026-07-11;16:00;133116;Träningsmatcher Ungdomar Göteborg Flick;3;3;6866823;5;/go-to/?fmid=6866823;Lerums IS (F2012);https://staticcdn.svenskfotboll.se/img/teamssm/10756.png;7;Öjersjö IF F12/13;https://staticcdn.svenskfotboll.se/img/teamssm/7552.png;7;0-0;Rydsbergsplan 1 Konstgräs;Rydsbergsplan;Ekollonvägen 10, 443 50 Lerum;Y;57.758267;12.257120;Göteborg;football
1;2026-07-11;17:30;133348;Allsvenskan 2026;2;4;6529920;5;/go-to/?fmid=6529920;Örgryte IS Fotboll;https://staticcdn.svenskfotboll.se/img/teamssm/12910.png;7;BK Häcken;https://staticcdn.svenskfotboll.se/img/teamssm/11080.png;7;0-0;Gamla Ullevi;Gamla Ullevi;Ullevigatan 5, 411 39 Göteborg;Y;57.706411;11.980905;1;football
1;2026-07-12;16:30;133348;Allsvenskan 2026;2;4;6529919;5;/go-to/?fmid=6529919;GAIS;https://staticcdn.svenskfotboll.se/img/teamssm/9614.png;7;IF Elfsborg;https://staticcdn.svenskfotboll.se/img/teamssm/11429.png;21;0-0;Gamla Ullevi;Gamla Ullevi;Ullevigatan 5, 411 39 Göteborg;Y;57.706411;11.980905;1;football
1;2026-07-13;11:00;135385;Ligacupen Elit Västra;2;4;6581932;5;/go-to/?fmid=6581932;BK Häcken;https://staticcdn.svenskfotboll.se/img/teamssm/11080.png;7;IFK Göteborg;https://staticcdn.svenskfotboll.se/img/teamssm/11012.png;7;0-0;Gothia Park 2;Gothia Park;Entreprenadvägen 6, 417 05 Göteborg;Y;57.740380;11.947473;1;football
